loss,testAccuracy,trainAccuracy
0.6563220620155334,0.7433333396911621,0.7640740871429443
0.6696836352348328,0.7633333206176758,0.7381481528282166
