loss,testAccuracy,trainAccuracy
0.6563220620155334,0.7433333396911621,0.7640740871429443
